Metric,Score
Accuracy,0.9901610017889088
Precision,0.9874971584451011
Recall,0.9949610627576729
F1 Score,0.9912150598973187
