Metric,Score
Accuracy,0.9937428170093219
Precision,0.9922515952597994
Recall,0.9965667200732433
F1 Score,0.9944044764188649
