Metric,Score
Accuracy,0.992976631336994
Precision,0.9908966772872099
Recall,0.9965667200732433
F1 Score,0.9937236106356271
