Metric,Score
Accuracy,0.9897776641962689
Precision,0.9866030881017257
Recall,0.9951901053595968
F1 Score,0.9908779931584948
