Metric,Score
Accuracy,0.992976631336994
Precision,0.9915679124886053
Recall,0.995880064087892
F1 Score,0.9937193102660729
