Metric,Score
Accuracy,0.9928489337249393
Precision,0.9913419913419913
Recall,0.995880064087892
F1 Score,0.9936058460835806
